{
  "test_rmse": 53845.53032410411,
  "test_r2": 0.7787453242440305,
  "test_mae": 35770.46687914778
}