{
  "test_rmse": 50199.94288164123,
  "test_r2": 0.8076910104276795,
  "test_mae": 32144.181344476747
}